name,price,description,stock quantity,category
Gorgeous Wooden Lamp,38.38,Molestiae commodi autem ducimus ut possimus.,4317,Shoes
Heavy Duty Leather Hat,37.03,Vel non sit sunt ratione libero incidunt quam ut molestiae.,508,Shoes
Durable Silk Knife,5.11,Et aut ratione vel omnis molestiae earum qui.,2737,Shoes
Rustic Aluminum Watch,32.77,Dolor repudiandae velit nihil ullam occaecati eos perspiciatis.,3859,Shoes
Synergistic Iron Knife,68.45,Est enim reiciendis voluptatibus aut accusantium provident autem eaque.,3258,Shoes
Mediocre Rubber Plate,23.84,Porro ipsa beatae quaerat alias vero laboriosam.,3166,Shoes
Heavy Duty Plastic Watch,70.07,Beatae consequatur nam architecto ea.,145,Shoes
Mediocre Paper Shoes,57.17,Soluta aut et repellendus ratione inventore quia.,1963,Shoes
Durable Wool Plate,84.13,Fuga inventore architecto aut laboriosam excepturi est harum occaecati quas.,2908,Shoes
Durable Cotton Shirt,33.54,Sint inventore perspiciatis vero enim quibusdam eos dolores.,1630,Shoes
Small Wooden Watch,42.25,Eligendi adipisci ad et corporis dolorem quia.,734,Shoes
Practical Wool Hat,16.87,Aperiam tenetur maiores hic officiis est labore autem.,4012,Shoes
Small Granite Car,8.68,Eum atque et et hic quia dolorum sint.,2675,Shoes
Gorgeous Iron Gloves,22.45,Aliquid molestiae quia ut officia voluptatibus.,3062,Shoes
Heavy Duty Steel Pants,43.38,Tempora enim error pariatur unde reiciendis.,4460,Shoes
Aerodynamic Wool Bottle,71.11,Rerum delectus quia repudiandae quia sit animi quo modi velit.,4325,Shoes
Enormous Plastic Bench,42.93,Aspernatur cupiditate officia quaerat sint dolorem qui neque.,467,Shoes
Intelligent Rubber Chair,65.85,Est officiis saepe nihil illo et excepturi laudantium necessitatibus facilis.,1542,Shoes
Enormous Iron Coat,5.54,Placeat dolor at error exercitationem enim commodi id aut.,4810,Shoes
Durable Iron Coat,50.18,Magnam earum dolor labore voluptas quo ab eum vitae et.,546,Shoes
Ergonomic Aluminum Computer,36.51,Inventore voluptatem illo accusamus reiciendis natus.,2441,Shoes
Heavy Duty Rubber Keyboard,4.24,Voluptate commodi qui beatae reprehenderit rerum et soluta.,3795,Shoes
Sleek Paper Clock,30.71,Voluptas quo earum excepturi consequuntur tenetur.,1045,Shoes
Fantastic Wooden Gloves,88.18,Iusto omnis nisi rerum velit et.,3967,Shoes
Awesome Paper Clock,52.4,Aut esse incidunt eum velit.,4540,Shoes
Rustic Cotton Shoes,94.77,Incidunt et ipsa nam dicta adipisci hic beatae dolores.,677,Shoes
Aerodynamic Rubber Lamp,85.68,Voluptas sit et est reprehenderit.,3982,Shoes
Intelligent Leather Bag,28.55,Sit dolore vel nihil neque et delectus est temporibus.,2899,Shoes
Fantastic Wooden Bottle,82.29,Dolorem eum eum quia et consectetur qui.,2098,Shoes
Intelligent Leather Wallet,12.13,Quae adipisci dolor aliquid consequatur ea.,2321,Shoes
Awesome Iron Hat,91.64,Earum totam quam doloremque quia.,3357,"Kids, Computers & Tools"
Mediocre Cotton Wallet,32.79,Veritatis animi soluta accusantium rerum est dignissimos quam dolorem reiciendis.,3259,"Kids, Computers & Tools"
Mediocre Paper Pants,37.81,Adipisci et tenetur sint et repellendus dignissimos.,3127,"Kids, Computers & Tools"
Fantastic Leather Car,25.41,Minus vitae alias enim voluptate.,4291,"Kids, Computers & Tools"
Awesome Rubber Knife,32.27,Nostrum id praesentium suscipit sequi quo rerum quidem.,3877,"Kids, Computers & Tools"
Sleek Copper Knife,97.95,Earum eaque consectetur nulla distinctio aperiam sit dolore.,128,"Kids, Computers & Tools"
Enormous Linen Chair,16.51,Aliquid eum explicabo nisi dolorum culpa aperiam quo nulla esse.,4700,"Kids, Computers & Tools"
Aerodynamic Marble Bag,70.57,Adipisci exercitationem ipsam qui natus.,483,"Kids, Computers & Tools"
Synergistic Leather Watch,98.39,Suscipit et omnis voluptatem adipisci earum mollitia quis numquam sed.,840,"Kids, Computers & Tools"
Practical Silk Hat,51.52,Quo cupiditate repellat omnis et ea inventore laboriosam quis temporibus.,316,"Kids, Computers & Tools"
Mediocre Cotton Hat,8.29,Consequatur aut nobis sunt consequatur possimus accusantium.,2914,"Kids, Computers & Tools"
Small Marble Table,39.59,Quam iure eum aut cumque commodi doloremque ut laborum consequuntur.,4307,"Kids, Computers & Tools"
Mediocre Aluminum Clock,46.55,Mollitia voluptatem non dolore consequuntur reprehenderit explicabo non.,600,"Kids, Computers & Tools"
Awesome Bronze Watch,30.52,Ea iste quod nihil et reprehenderit et non quam dolores.,406,"Kids, Computers & Tools"
Synergistic Plastic Computer,10.99,Quas ratione laboriosam facilis assumenda exercitationem nemo.,501,"Kids, Computers & Tools"
Heavy Duty Granite Shoes,58.92,Voluptatum id nisi amet quod voluptate.,597,"Kids, Computers & Tools"
Rustic Linen Shoes,53.7,Molestiae commodi enim id eum est.,4265,"Kids, Computers & Tools"
Small Wool Watch,58.97,Deserunt eos rerum blanditiis enim quibusdam ea asperiores.,235,"Kids, Computers & Tools"
Practical Wool Car,29.13,Recusandae reiciendis nulla id non eos et.,1484,"Kids, Computers & Tools"
Lightweight Silk Clock,68.21,Beatae molestiae nulla sit sit facilis consequatur.,236,"Kids, Computers & Tools"
Mediocre Aluminum Shirt,56.51,Quae mollitia vero et ut natus nisi est iste eum.,1694,"Kids, Computers & Tools"
Awesome Aluminum Shirt,92.31,Sed voluptatem aut qui sint esse.,3165,"Kids, Computers & Tools"
Enormous Silk Computer,27.59,Numquam omnis praesentium nesciunt saepe occaecati totam officiis similique.,2023,"Kids, Computers & Tools"
Durable Rubber Knife,65.44,Ipsum asperiores voluptatem voluptates ea animi sunt voluptate.,3128,"Kids, Computers & Tools"
Sleek Bronze Shirt,81.98,Labore temporibus doloremque facere recusandae molestiae explicabo ullam eligendi dolor.,3776,"Kids, Computers & Tools"
Aerodynamic Concrete Shirt,11.45,Perferendis enim et maxime et molestiae accusamus et ratione esse.,4942,"Kids, Computers & Tools"
Durable Silk Computer,62.44,Atque consequuntur in et tenetur corporis enim totam quaerat.,1881,"Kids, Computers & Tools"
Incredible Steel Knife,39.48,Nostrum velit assumenda voluptatem et quas sunt eveniet tempore.,3405,"Kids, Computers & Tools"
Rustic Copper Table,0.96,Quam nostrum voluptas facere inventore modi tempore sint ut.,708,"Kids, Computers & Tools"
Fantastic Leather Wallet,91.3,Labore molestiae consequatur dolor non facere est.,533,"Kids, Computers & Tools"
Sleek Cotton Hat,36.37,Voluptas facilis unde quia omnis sapiente qui debitis tempora consequuntur.,3911,"Music, Movies & Electronics"
Incredible Aluminum Lamp,87.79,Possimus rerum sit qui veniam quibusdam velit.,4876,"Music, Movies & Electronics"
Lightweight Marble Plate,7.07,Voluptas voluptatum quisquam quaerat totam facere voluptas.,3030,"Music, Movies & Electronics"
Awesome Silk Bottle,44.65,Totam animi et modi quasi est beatae.,3196,"Music, Movies & Electronics"
Sleek Leather Bag,24.87,Eligendi culpa at blanditiis facere nulla provident doloribus nostrum aut.,4612,"Music, Movies & Electronics"
Incredible Bronze Lamp,4.4,Eius dicta et molestias animi.,4945,"Music, Movies & Electronics"
Rustic Steel Hat,90.84,Aut et qui dolorem corrupti cupiditate atque eum est molestiae.,3999,"Music, Movies & Electronics"
Mediocre Paper Computer,64.15,Nam est reiciendis nulla rerum nemo autem ipsum.,844,"Music, Movies & Electronics"
Lightweight Marble Pants,2.79,Et pariatur aperiam recusandae dolorem et maiores itaque.,781,"Music, Movies & Electronics"
Intelligent Marble Shirt,89.07,Aut mollitia saepe libero deserunt consequuntur iusto dolores eos.,2213,"Music, Movies & Electronics"
Ergonomic Silk Bag,71.91,Beatae ex eos aut magni non.,1175,"Music, Movies & Electronics"
Aerodynamic Rubber Hat,16.51,Vel nam quas illum rerum eaque magnam numquam.,4487,"Music, Movies & Electronics"
Intelligent Wooden Plate,55.91,Blanditiis libero voluptas et veniam aut doloremque alias explicabo.,505,"Music, Movies & Electronics"
Practical Marble Coat,57.2,Soluta velit adipisci est dolor sint voluptatibus quidem earum nam.,1778,"Music, Movies & Electronics"
Rustic Wooden Wallet,90.22,Pariatur asperiores voluptatum debitis repellendus alias et dicta amet.,2984,"Music, Movies & Electronics"
Intelligent Cotton Knife,44.37,Qui iusto illum tenetur labore dolores ducimus enim nisi.,1325,"Music, Movies & Electronics"
Intelligent Rubber Watch,43.04,Vel illum similique sit cupiditate natus id exercitationem est et.,353,"Music, Movies & Electronics"
Intelligent Marble Keyboard,54.7,Eaque eum ab maxime ipsam.,2816,"Music, Movies & Electronics"
Aerodynamic Plastic Bottle,32.67,Id veniam soluta eligendi illo distinctio.,1650,"Music, Movies & Electronics"
Sleek Concrete Table,56.29,In odit quaerat est placeat ad error a.,1806,"Music, Movies & Electronics"
Sleek Leather Plate,30.07,Dicta facilis voluptas vitae dolor.,1090,"Music, Movies & Electronics"
Gorgeous Leather Table,73.59,Iste officiis consequatur culpa facere minima maxime.,2093,"Music, Movies & Electronics"
Awesome Bronze Bottle,56.96,Et ut accusamus saepe ut.,3856,"Music, Movies & Electronics"
Durable Rubber Lamp,13.78,Laborum cupiditate ut dolor aut.,4802,"Music, Movies & Electronics"
Practical Granite Clock,87.76,Dolores rerum culpa aut incidunt.,3081,"Music, Movies & Electronics"
Rustic Wool Plate,20.12,Amet minima aut perferendis id qui.,1183,"Music, Movies & Electronics"
Small Rubber Bottle,61.84,Saepe earum neque pariatur aspernatur et aliquid ullam rerum.,2680,"Music, Movies & Electronics"
Gorgeous Silk Lamp,10.8,Et quo rem qui non consequatur velit tempora deleniti.,3921,"Music, Movies & Electronics"
Durable Concrete Bottle,11.26,Quis in voluptatem incidunt est rerum libero.,1551,"Music, Movies & Electronics"
Mediocre Granite Wallet,81.37,Soluta ratione est provident sed iure.,1251,"Music, Movies & Electronics"
Practical Bronze Coat,11.29,Commodi cumque non ut animi.,4157,Books & Tools
Sleek Paper Table,21.61,Molestiae quia at expedita id nisi porro quia sint rerum.,4935,Books & Tools
Incredible Linen Clock,91.35,Inventore doloribus nobis ea quidem necessitatibus voluptas.,3627,Books & Tools
Sleek Silk Lamp,33.07,Dolorum a ad quia non est.,4838,Books & Tools
Incredible Silk Lamp,71.99,Enim repellat itaque aliquid dolor quis nemo cupiditate.,1858,Books & Tools
Heavy Duty Silk Wallet,16.73,Deserunt et nam et rerum inventore.,1222,Books & Tools
Mediocre Bronze Knife,93.85,Vero aut incidunt excepturi libero qui esse soluta recusandae.,1410,Books & Tools
Durable Marble Gloves,98.32,Deleniti reiciendis consequatur omnis omnis iure sequi sed nemo.,2077,Books & Tools
Gorgeous Rubber Coat,21.65,Ab molestiae alias voluptatem eius provident sint eaque.,2118,Books & Tools
Heavy Duty Leather Shirt,94.34,Qui pariatur ut in et.,827,Books & Tools
Synergistic Iron Gloves,3.2,Sed assumenda saepe ad minima eos.,4070,Books & Tools
Enormous Rubber Hat,48.8,Asperiores quia fugiat quia exercitationem ad.,1346,Books & Tools
Durable Marble Wallet,79.66,Expedita tempora sit iure ullam est.,590,Books & Tools
Synergistic Copper Hat,1.12,Quia sed porro suscipit sequi consequatur et vitae sed.,3115,Books & Tools
Practical Leather Knife,19.45,Quae laboriosam placeat tempore eos nam a nobis.,3977,Books & Tools
Awesome Iron Bottle,11.33,Voluptatem maxime ex in sit occaecati id.,2089,Books & Tools
Incredible Leather Computer,84.5,Ullam et ea facere earum est cum.,2131,Books & Tools
Aerodynamic Iron Shirt,11.55,Quae corporis quia cupiditate repudiandae adipisci veritatis accusamus error.,3184,Books & Tools
Awesome Concrete Hat,77.61,Quis debitis et atque libero qui et mollitia.,3287,Books & Tools
Heavy Duty Steel Chair,61.73,Facilis exercitationem ratione quisquam aliquid quibusdam atque.,1764,Books & Tools
Heavy Duty Iron Shirt,51.52,Earum saepe sunt vero maiores et eveniet dolorem esse.,1922,Books & Tools
Ergonomic Paper Hat,85.14,Dolorem enim molestiae blanditiis aut voluptate ut.,2916,Books & Tools
Intelligent Aluminum Plate,89.46,Sit hic quod porro est harum voluptatem perspiciatis qui voluptatem.,3786,Books & Tools
Gorgeous Marble Hat,35.14,Est non consequatur dolorum quo quasi non dolores minima.,3569,Books & Tools
Incredible Wool Car,5.11,Consequatur et soluta quod dolorum architecto quia debitis qui.,2104,Books & Tools
Aerodynamic Wool Plate,34.67,Quas ratione expedita numquam atque laborum ut animi.,1270,Books & Tools
Awesome Aluminum Shoes,6.06,Nihil qui quia numquam dolorem magni recusandae ea.,4055,Books & Tools
Awesome Concrete Coat,33.38,Animi sit pariatur culpa voluptates fugit qui quidem.,1082,Books & Tools
Mediocre Copper Plate,70.63,Provident deleniti eveniet ut aspernatur dolorem libero rerum ut id.,2220,Books & Tools
Practical Rubber Shirt,71.95,Et reiciendis quia modi molestiae voluptatem.,2273,Books & Tools
Gorgeous Silk Knife,45.92,Rerum numquam consequatur nam est nostrum atque.,1586,Outdoors & Home
Enormous Wooden Chair,24.63,Exercitationem rerum qui numquam et.,2601,Outdoors & Home
Small Marble Watch,96.41,Provident qui suscipit in fugiat aspernatur iusto asperiores blanditiis adipisci.,3035,Outdoors & Home
Small Plastic Pants,9.54,Similique error placeat omnis sunt itaque perferendis.,4497,Outdoors & Home
Incredible Wooden Car,0.42,Dolores sunt fugit ratione omnis voluptatem id saepe.,1343,Outdoors & Home
Synergistic Copper Bench,24.36,Voluptate perferendis illum dolorem dolores earum aliquid.,981,Outdoors & Home
Awesome Marble Bag,47.88,Atque omnis at cum necessitatibus et.,4039,Outdoors & Home
Aerodynamic Marble Gloves,1.81,Recusandae mollitia voluptas nesciunt eveniet sunt sed numquam sint quia.,2723,Outdoors & Home
Durable Iron Plate,60.77,Ut quo quos qui recusandae non.,2895,Outdoors & Home
Incredible Marble Table,74.33,Dolor et eum qui ducimus ea excepturi voluptatem eligendi.,2179,Outdoors & Home
Heavy Duty Bronze Wallet,66.79,Alias eligendi officia et ab ratione.,4048,Outdoors & Home
Gorgeous Copper Gloves,33.73,Et animi tempora porro ea distinctio consequatur necessitatibus et velit.,3747,Outdoors & Home
Fantastic Aluminum Car,18.23,A nobis ut voluptatem saepe.,2230,Outdoors & Home
Small Paper Lamp,0.47,Qui voluptatem officia voluptas tempora voluptatibus praesentium saepe eos natus.,2834,Outdoors & Home
Sleek Plastic Coat,71.76,Omnis sunt blanditiis nihil reprehenderit et qui.,224,Outdoors & Home
Durable Plastic Shoes,28.23,Reiciendis aperiam sit dolorem facilis consequuntur quis impedit voluptate eum.,434,Outdoors & Home
Ergonomic Marble Bottle,31.95,Est qui reprehenderit quo itaque doloremque quia est numquam sit.,4896,Outdoors & Home
Fantastic Marble Shoes,98.08,Natus vitae voluptatibus similique occaecati.,2241,Outdoors & Home
Aerodynamic Bronze Gloves,52.42,Enim autem veniam distinctio fuga excepturi minima similique consectetur.,415,Outdoors & Home
Ergonomic Rubber Knife,95.37,Sit optio omnis vitae maiores.,2546,Outdoors & Home
Sleek Marble Wallet,48.78,At dicta voluptatem ex quia facere impedit.,2632,Outdoors & Home
Intelligent Paper Wallet,64.11,Minus sapiente perferendis amet omnis eveniet eum eos ut adipisci.,2658,Outdoors & Home
Sleek Wooden Lamp,20.24,Corporis ut iste non et perferendis.,3981,Outdoors & Home
Awesome Aluminum Wallet,58.44,Voluptate ut quia non non eum iste.,394,Outdoors & Home
Incredible Paper Gloves,93.78,Aliquid provident perspiciatis non officia a distinctio accusantium.,2473,Outdoors & Home
Sleek Wool Computer,73.94,Ipsa ea architecto sed aperiam tenetur.,1256,Outdoors & Home
Fantastic Aluminum Hat,43.7,Totam sit voluptatibus quos illo iste sint consequatur nihil non.,3909,Outdoors & Home
Gorgeous Plastic Chair,19.65,Et quis nihil fuga enim sed iusto.,621,Outdoors & Home
Practical Iron Pants,42.57,Aut ut voluptas voluptates saepe explicabo.,631,Outdoors & Home
Aerodynamic Marble Plate,38.08,Minima qui molestiae non voluptas distinctio expedita ut ea dolores.,4400,Outdoors & Home
Mediocre Leather Watch,14.93,Ut voluptate doloribus neque a voluptatem.,1508,Movies
Sleek Marble Shirt,41.61,Veritatis voluptatibus sit officia doloribus dolorem ipsa corporis.,465,Movies
Sleek Iron Clock,8.21,Qui quisquam nihil consequatur est maiores error provident.,1955,Movies
Practical Paper Shoes,94.31,Deleniti totam eius voluptatum rem porro cumque praesentium consequatur.,2183,Movies
Awesome Linen Clock,62.55,Pariatur dolor mollitia modi ratione deserunt ad.,1517,Movies
Synergistic Rubber Table,77.49,Quis debitis qui omnis tenetur asperiores.,460,Movies
Practical Leather Coat,56.15,Commodi dicta sed aut voluptas animi vel.,2812,Movies
Small Leather Clock,42.82,Et eos aut sint eaque ipsam exercitationem ut expedita dolor.,2253,Movies
Fantastic Granite Knife,68.33,Odio rem reiciendis nihil molestiae.,2962,Movies
Fantastic Aluminum Plate,79.76,Molestiae amet sunt nihil excepturi magni expedita sequi.,3587,Movies
Small Iron Lamp,58.98,Ut necessitatibus non temporibus harum sequi deserunt dignissimos voluptas.,1707,Movies
Sleek Granite Watch,99.81,Similique est labore cupiditate eum iure voluptas minus omnis.,2044,Movies
Enormous Bronze Watch,32.01,Laborum omnis eos quia provident.,3822,Movies
Heavy Duty Aluminum Wallet,19.59,Quo quasi magni provident eum exercitationem.,3793,Movies
Awesome Silk Car,54.71,Et omnis asperiores ut rem nihil.,1091,Movies
Incredible Cotton Bottle,74.04,Blanditiis nemo quia quaerat autem a.,1807,Movies
Sleek Iron Bottle,73.99,Eius quia dolor maiores iste.,1244,Movies
Sleek Wooden Shirt,93.67,Aut quia eveniet aperiam voluptas.,1617,Movies
Sleek Linen Chair,35.79,Veritatis rem sequi est autem amet aperiam impedit rerum.,4964,Movies
Intelligent Copper Pants,2.09,Ipsa nobis minus commodi deserunt.,2609,Movies
Gorgeous Rubber Pants,38.45,Quaerat eaque eos et nostrum.,3200,Movies
Lightweight Plastic Shirt,2.11,Eos est voluptatem et saepe.,6,Movies
Lightweight Leather Bench,4.94,Necessitatibus cupiditate optio modi non consequatur sed ducimus placeat id.,3854,Movies
Incredible Wool Chair,60.95,Nulla aliquid officia consequatur hic optio voluptatem rerum.,2163,Movies
Rustic Bronze Pants,5.1,Laborum laboriosam non quasi voluptas suscipit nihil provident illum nobis.,2528,Movies
Rustic Copper Car,76.88,Qui dolorem aut aliquam sit tenetur pariatur.,2278,Movies
Awesome Bronze Gloves,0.11,Non ex reprehenderit dignissimos quidem nemo molestiae.,3822,Movies
Small Granite Lamp,25.93,Cumque laudantium quis dignissimos rerum et earum.,1641,Movies
Heavy Duty Marble Bench,93.09,Quo asperiores quam aliquid soluta.,1705,Movies
Synergistic Linen Table,76.0,Quos aperiam officiis adipisci quia voluptatem et.,1434,Movies
Practical Plastic Clock,45.64,Dolores aut soluta architecto accusamus consectetur.,1971,Baby & Automotive
Lightweight Wool Car,16.68,Magnam aliquam ut rerum et assumenda velit omnis.,2550,Baby & Automotive
Intelligent Rubber Keyboard,97.32,Aut modi voluptate totam fugit cumque officiis voluptates.,3043,Baby & Automotive
Intelligent Granite Shirt,58.32,Blanditiis voluptatem magnam similique voluptatibus sapiente qui voluptates reiciendis amet.,1741,Baby & Automotive
Mediocre Marble Bag,65.91,Tenetur rerum et sequi molestiae officia temporibus.,206,Baby & Automotive
Enormous Linen Pants,70.58,Quo molestiae vero cum aliquam dolor illum ducimus odit ut.,3124,Baby & Automotive
Small Cotton Bottle,2.54,Ipsa vero atque qui esse occaecati ad.,2004,Baby & Automotive
Fantastic Steel Bench,81.98,Ea amet enim vel error nemo laudantium.,4058,Baby & Automotive
Gorgeous Plastic Shirt,86.78,Eligendi quo voluptatem corporis aut rerum voluptatem.,1828,Baby & Automotive
Fantastic Wooden Bench,99.67,Ipsum perferendis laudantium quas qui dolor amet illo.,3028,Baby & Automotive
Aerodynamic Cotton Wallet,64.55,Fugiat quo laudantium ipsa suscipit voluptatem sed est quae aut.,4555,Baby & Automotive
Ergonomic Aluminum Coat,63.45,Nam voluptas voluptates earum et eum autem.,4508,Baby & Automotive
Fantastic Silk Chair,80.01,Quae et et fuga magnam neque.,1961,Baby & Automotive
Mediocre Marble Wallet,2.93,Soluta est nam laudantium nemo.,998,Baby & Automotive
Ergonomic Linen Pants,32.67,Molestiae ut iste minus ut beatae ab provident eum.,1182,Baby & Automotive
Practical Plastic Plate,95.42,Et facilis incidunt fugit expedita ut sequi commodi omnis.,1612,Baby & Automotive
Mediocre Marble Shirt,67.61,Aut ea corporis voluptas numquam quasi nihil consequuntur.,2957,Baby & Automotive
Rustic Iron Bottle,0.05,Eum necessitatibus eaque velit in rerum.,2079,Baby & Automotive
Sleek Plastic Clock,83.96,Excepturi rerum officia quos possimus quo voluptatem voluptas.,3872,Baby & Automotive
Mediocre Marble Shoes,74.94,Distinctio sed quisquam dolorem repellat suscipit ut velit.,3831,Baby & Automotive
Heavy Duty Iron Clock,88.4,Sunt quia corrupti totam ex et praesentium nulla fuga.,2613,Baby & Automotive
Aerodynamic Wool Bench,67.37,Est laudantium sunt quos et autem.,580,Baby & Automotive
Practical Paper Bag,33.66,Quae dolor ipsa excepturi et deleniti qui corporis qui.,1870,Baby & Automotive
Lightweight Leather Shirt,51.11,Amet et corporis qui enim quia delectus et itaque.,3815,Baby & Automotive
Aerodynamic Paper Gloves,19.7,Tenetur porro occaecati facilis et cum.,2565,Baby & Automotive
Heavy Duty Linen Shoes,6.54,Rerum maiores voluptas eos occaecati cupiditate.,3389,Baby & Automotive
Lightweight Cotton Table,38.76,Sed omnis quas veniam asperiores consequatur voluptas laborum.,2828,Baby & Automotive
Aerodynamic Silk Lamp,41.24,Laborum id qui vero accusantium.,361,Baby & Automotive
Heavy Duty Linen Hat,90.4,Molestiae error qui perspiciatis nemo placeat praesentium.,1551,Baby & Automotive
Rustic Aluminum Bench,41.52,Animi enim voluptatum consequatur saepe aut neque ut nobis.,1686,Baby & Automotive
Rustic Copper Gloves,60.66,Nihil nisi perferendis minus ducimus voluptatem qui.,614,Tools & Shoes
Lightweight Aluminum Bench,31.34,Qui tempore at dolor debitis eius vitae modi.,427,Tools & Shoes
Practical Cotton Hat,12.93,Quis quia doloremque porro ea distinctio vero.,1471,Tools & Shoes
Durable Linen Chair,63.44,Voluptas incidunt quaerat perspiciatis a asperiores.,3922,Tools & Shoes
Rustic Leather Clock,38.3,Omnis dolore et ipsum delectus.,1584,Tools & Shoes
Incredible Copper Coat,87.49,Eum excepturi autem quam aperiam ab dolore corporis.,2304,Tools & Shoes
Small Plastic Watch,64.26,Sunt illum necessitatibus sit fugiat consequatur perferendis iste itaque.,4985,Tools & Shoes
Ergonomic Linen Computer,98.87,Voluptatem ipsum sint nobis hic necessitatibus reiciendis.,4278,Tools & Shoes
Intelligent Iron Keyboard,49.93,Deserunt sed iure libero nobis.,2307,Tools & Shoes
Gorgeous Wooden Plate,81.21,Eligendi odio non dolor dolorem ut maxime doloribus.,4248,Tools & Shoes
Synergistic Iron Coat,94.61,Soluta officiis nam et animi in.,572,Tools & Shoes
Ergonomic Aluminum Watch,19.28,Esse aut voluptate consequatur eius nesciunt.,2852,Tools & Shoes
Ergonomic Silk Gloves,81.09,Eligendi amet libero porro ducimus fuga.,780,Tools & Shoes
Ergonomic Silk Coat,56.58,Suscipit inventore perspiciatis distinctio eos odio eius ab.,1685,Tools & Shoes
Durable Linen Gloves,93.59,Et et odit doloremque consequuntur vel dolore est minima.,3523,Tools & Shoes
Awesome Paper Bottle,46.4,Ullam ratione nobis quos eaque debitis.,4404,Tools & Shoes
Gorgeous Cotton Car,84.69,Repellendus hic veniam excepturi in.,2022,Tools & Shoes
Small Concrete Lamp,12.16,Officia quo aliquid maiores a incidunt.,4066,Tools & Shoes
Sleek Wool Wallet,29.72,Laudantium explicabo consequatur voluptatem saepe quia nam nihil.,2739,Tools & Shoes
Durable Paper Shirt,88.14,Aliquam reiciendis consequatur sunt eligendi.,4061,Tools & Shoes
Incredible Linen Shoes,89.78,Quod nisi ut soluta tempore.,1760,Tools & Shoes
Synergistic Aluminum Shirt,94.14,Laborum commodi beatae est ut sapiente error rerum.,2128,Tools & Shoes
Ergonomic Aluminum Chair,69.06,Voluptatem ducimus omnis odit consequatur deleniti velit.,806,Tools & Shoes
Gorgeous Paper Bottle,34.5,Qui molestiae minima reprehenderit aspernatur ut quis.,1033,Tools & Shoes
Fantastic Leather Chair,58.17,Totam a corporis commodi fugiat sint optio quo.,682,Tools & Shoes
Ergonomic Concrete Chair,49.36,Dolor alias facilis id et voluptates odio id.,1435,Tools & Shoes
Awesome Aluminum Watch,13.21,Ab rem itaque similique enim repellat.,1810,Tools & Shoes
Mediocre Wooden Clock,90.34,Vero illum pariatur quibusdam quae nesciunt.,531,Tools & Shoes
Aerodynamic Bronze Knife,87.69,Voluptas sit nam odio et repudiandae rem sed.,381,Tools & Shoes
Awesome Bronze Computer,12.45,Porro aspernatur autem eveniet molestiae occaecati.,3537,Tools & Shoes
Enormous Rubber Computer,8.4,Modi magni consectetur velit doloremque aperiam fugit praesentium est.,1540,Kids & Games
Lightweight Rubber Lamp,90.73,Consequatur mollitia voluptatum consectetur adipisci.,2621,Kids & Games
Rustic Plastic Shoes,98.95,Ducimus deleniti voluptatem non amet facere consequatur.,3794,Kids & Games
Sleek Iron Bag,80.76,Animi iusto nam repudiandae autem.,2009,Kids & Games
Gorgeous Plastic Hat,66.0,Numquam fuga blanditiis quis et cupiditate eligendi consectetur sunt libero.,4465,Kids & Games
Awesome Bronze Car,59.26,Illum quo ut quis aut et ut voluptas consequuntur totam.,1189,Kids & Games
Aerodynamic Paper Hat,92.17,Tempore quis quidem placeat ut nihil ratione qui animi in.,3052,Kids & Games
Incredible Rubber Knife,55.31,Adipisci aut sed amet labore non quod.,1065,Kids & Games
Sleek Wooden Car,55.76,Velit voluptatem eum asperiores qui et et sequi.,2244,Kids & Games
Synergistic Paper Shoes,97.63,Sed quod voluptatem eius earum omnis et ipsa tempore totam.,2244,Kids & Games
Ergonomic Aluminum Shirt,51.5,Laboriosam inventore rerum sequi in perspiciatis ratione tenetur iste.,2842,Kids & Games
Lightweight Paper Bench,89.36,Officia fuga sint excepturi consequatur est laudantium autem eos voluptatem.,1064,Kids & Games
Gorgeous Copper Computer,58.3,Voluptatum aut in voluptate architecto molestiae est qui doloribus quia.,358,Kids & Games
Heavy Duty Silk Bottle,68.46,Est vitae assumenda quae cupiditate id hic velit.,2490,Kids & Games
Practical Aluminum Wallet,15.3,Rerum repellendus soluta qui consectetur qui repellat adipisci libero.,2943,Kids & Games
Gorgeous Bronze Lamp,82.88,Praesentium maiores quidem consequuntur possimus.,2737,Kids & Games
Heavy Duty Paper Pants,0.32,Eos qui qui minus molestiae quia.,2095,Kids & Games
Incredible Paper Shirt,94.88,Qui quidem nihil explicabo expedita.,976,Kids & Games
Incredible Marble Coat,95.86,Rerum dolores tenetur corporis atque natus et sed temporibus.,4628,Kids & Games
Heavy Duty Steel Keyboard,93.81,Qui ut earum ea suscipit quibusdam minus cumque.,4882,Kids & Games
Heavy Duty Granite Bag,27.72,Accusamus minima voluptatem autem impedit.,2989,Kids & Games
Durable Cotton Hat,8.4,Quasi ducimus temporibus et expedita ipsam odit.,4960,Kids & Games
Awesome Iron Chair,5.7,Nesciunt ad minus aut eos.,638,Kids & Games
Gorgeous Marble Watch,94.57,Quidem praesentium ipsum impedit atque velit eos eveniet accusantium sit.,2188,Kids & Games
Rustic Wool Coat,41.6,Cumque placeat voluptatem dolor harum delectus repudiandae eum voluptatem eos.,2687,Kids & Games
Enormous Copper Pants,85.22,Quia ipsam sit consequatur harum voluptatum minima non dicta.,4323,Kids & Games
Ergonomic Cotton Chair,0.36,Voluptas totam repellendus ipsum reprehenderit eos deleniti aut.,3641,Kids & Games
Small Marble Chair,69.36,Id reprehenderit quidem velit magni sed eveniet.,480,Kids & Games
Heavy Duty Linen Clock,42.01,Voluptatem reprehenderit sed omnis eius explicabo est dolore aut.,3644,Kids & Games
Mediocre Aluminum Plate,83.43,Officia repellat sed iste blanditiis voluptatem quos voluptate laboriosam praesentium.,1300,Kids & Games
Heavy Duty Iron Bench,24.72,Ducimus sit sed qui voluptas consequatur eaque sequi dignissimos nesciunt.,1303,"Tools, Toys & Sports"
Mediocre Rubber Pants,39.63,Sapiente minima magni provident repellendus et.,2142,"Tools, Toys & Sports"
Awesome Leather Shoes,73.53,Consequatur molestiae nemo consectetur at modi.,4307,"Tools, Toys & Sports"
Heavy Duty Plastic Hat,88.8,Ut ad accusantium reiciendis dicta velit accusamus et rem.,3838,"Tools, Toys & Sports"
Rustic Rubber Bench,94.11,Laborum quod eos non in ut culpa repellendus consequatur.,1780,"Tools, Toys & Sports"
Aerodynamic Rubber Pants,62.49,Voluptas praesentium placeat qui consequatur quibusdam cumque molestias.,3114,"Tools, Toys & Sports"
Awesome Aluminum Hat,61.79,Ut explicabo laudantium consequatur ratione itaque.,4849,"Tools, Toys & Sports"
Rustic Iron Shirt,96.85,Assumenda nesciunt molestiae dolores amet autem facilis est.,2467,"Tools, Toys & Sports"
Intelligent Paper Watch,12.63,Veniam molestiae molestiae quidem officiis distinctio et molestias amet.,2974,"Tools, Toys & Sports"
Rustic Linen Hat,39.74,Illo temporibus similique exercitationem asperiores possimus voluptatum odio dolorum provident.,4585,"Tools, Toys & Sports"
Sleek Silk Bottle,81.66,Veritatis enim eum nemo ullam.,506,"Tools, Toys & Sports"
Fantastic Silk Bag,50.09,In sed beatae quia qui.,136,"Tools, Toys & Sports"
Fantastic Bronze Knife,96.67,Eos libero iusto quia nihil quasi ab sit odio mollitia.,2148,"Tools, Toys & Sports"
Aerodynamic Linen Bottle,24.97,Rerum qui et ea et nesciunt dolore.,1038,"Tools, Toys & Sports"
Aerodynamic Plastic Coat,16.2,Aut voluptatem assumenda deserunt ullam.,1617,"Tools, Toys & Sports"
Synergistic Rubber Chair,28.2,Dolores dolor vitae optio est aliquam sunt laborum ut.,2812,"Tools, Toys & Sports"
Aerodynamic Linen Plate,96.09,Ipsa quos non optio quasi.,3243,"Tools, Toys & Sports"
Heavy Duty Steel Watch,72.08,At facilis sed eaque hic distinctio qui.,2574,"Tools, Toys & Sports"
Practical Cotton Table,12.89,Hic sint omnis aut voluptatem amet impedit.,886,"Tools, Toys & Sports"
Enormous Cotton Gloves,7.93,Ab aut vitae et distinctio et et illum error.,1394,"Tools, Toys & Sports"
Gorgeous Iron Bench,36.0,Rerum minus ipsam nam quibusdam libero.,1681,"Tools, Toys & Sports"
Awesome Paper Pants,85.18,Cumque quia placeat totam veritatis officiis.,4244,"Tools, Toys & Sports"
Fantastic Bronze Keyboard,82.3,Dolore aliquam quod nihil sit id reiciendis voluptatibus dolores voluptatem.,211,"Tools, Toys & Sports"
Intelligent Concrete Car,7.67,Inventore cum dolorem pariatur vel sed et.,788,"Tools, Toys & Sports"
Gorgeous Steel Coat,61.57,Cumque sunt vero aliquid sunt numquam repellat ut.,3741,"Tools, Toys & Sports"
Ergonomic Steel Bottle,84.58,Illo iste omnis natus labore beatae quia earum.,814,"Tools, Toys & Sports"
Practical Wooden Shirt,4.81,Numquam nobis consectetur eum id quis sint.,4204,"Tools, Toys & Sports"
Intelligent Wooden Computer,10.82,Maxime non aut expedita et a alias laborum in.,1021,"Tools, Toys & Sports"
Practical Linen Shoes,47.94,Aut sit eum recusandae dolores nesciunt dolorum quas.,2489,"Tools, Toys & Sports"
Synergistic Bronze Wallet,1.95,Deleniti qui distinctio quaerat eum aliquid corrupti non possimus quod.,2511,"Tools, Toys & Sports"